{"Curve0":{"Param":[0.4999999999999797,1.0483281542728498e-13,0.5000000000000019,0.0,0.4999999999999797,0.03784056172118837,0.5000000000000022,0.03784056172108389,0.49999999999997996,0.0736830004895642,0.5000000000000026,0.07368300048946018,0.4999999999999805,0.1093499100861581,0.5000000000000029,0.10934991008605471,0.4999999999999816,0.15046954349272437,0.5000000000000032,0.15046954349262193,0.4999999999999832,0.19000290612908582,0.5000000000000034,0.1900029061289845,0.49999999999998523,0.22834826855467832,0.5000000000000036,0.22834826855457824,0.49999999999998773,0.26583686773685994,0.5000000000000036,0.2658368677367613,0.4999999999999914,0.310082790091953,0.5000000000000032,0.31008279009185624,0.4999999999999957,0.35389433815843063,0.5000000000000024,0.35389433815833593,0.5000000000000007,0.39767481672485827,0.5000000000000012,0.39767481672476584,0.5000000000000061,0.4418083662713186,0.4999999999999994,0.4418083662712286,0.5000000000000119,0.48667700165857203,0.49999999999999695,0.48667700165848465,0.5000000000000179,0.5326760076484097,0.4999999999999939,0.5326760076483251,0.5000000000000239,0.5802293698535236,0.49999999999999023,0.580229369853442,0.5000000000000299,0.6298067375288181,0.4999999999999861,0.6298067375287397,0.5000000000000356,0.6819435220309801,0.4999999999999817,0.681943522030905,0.5000000000000413,0.7372661236352785,0.49999999999997713,0.7372661236352069,0.500000000000046,0.7869111856375373,0.49999999999997335,0.7869111856374688,0.5000000000000505,0.8399497951014382,0.49999999999996975,0.839949795101373,0.5000000000000542,0.8859190488036415,0.499999999999967,0.8859190488035791,0.5000000000000577,0.9350427360549287,0.4999999999999645,0.9350427360548691,0.49999999999993894,0.9590075803421659,0.500000000000041,0.9590075803422285,0.49999999999993605,0.9999999999999397,0.500000000000043,1.0],"Point3d":[1.9351225281631488e-13,6.28996892563644e-12,1.5724922314093076e-11,2.1831646114015464,2.1831646114071095,5.720125185664859,4.085227990483205,4.085227990488225,11.223326382442517,5.810861911889853,5.810861911894327,16.787359416498525,7.584537760893348,7.58453776089716,23.317799899501345,9.062625239027252,9.06262523903041,29.720655344259708,10.274651503590125,10.274651503592642,36.054663199417654,11.240395412498252,11.24039541250015,42.37133715743154,12.0905153338813,12.090515333882497,49.99325611029891,12.611134322234062,12.61113432223459,57.7278298511309,12.79951373132267,12.799513731322591,65.65338804903517,12.640858483514975,12.640858483514355,73.85186634977762,12.10755886770047,12.107558867699373,82.41261816325698,11.157349790821758,11.157349790820248,91.43658255749246,9.730205602512122,9.730205602510267,101.04126055945834,7.743588829515408,7.7435888295132544,111.36704548763491,5.08539911872306,5.085399118720648,122.58565265683721,1.603553196198602,1.6035531961959428,134.91174585574498,-2.121041582489717,-2.121041582492582,146.35912216875988,-6.748895106925961,-6.748895106929041,159.00989366639092,-11.318906591806906,-11.318906591810176,170.33975083797247,-16.793542504293715,-16.793542504297182,182.83580721383007,-19.69115237008056,-19.691152370076892,189.0819030990431,-24.999999999995698,-24.99999999999186,199.99999999998371],"PointsCount":24,"Transversal":false},"CurveCount":1,"IsolateParam":null,"IsolatePoint":null,"IsolatePointCount":0,"Name":"surface_int_point_chats"}