{"Curve0":{"Param":[0.27254795438823826,0.04356453541236149,1.0,0.34548537861236495,0.28289930673499225,0.06750644883495811,0.9782440156092028,0.34774588329135026,0.29381964507192,0.09319947775008508,0.9551410018548868,0.35137405702806773,0.3041014460689145,0.11784522570433863,0.9332538957512495,0.355949640664381,0.31746654134034563,0.15064416078400633,0.9046185475988192,0.3635805906909681,0.33602368127374266,0.1979717626838887,0.8645376836527934,0.37739738768274267,0.3657655236253687,0.2806856700258461,0.799608814955074,0.40825157494649167,0.39994141433717273,0.4074385785321626,0.7241300591415915,0.4676555922426159,0.4077909621314521,0.5324433537638977,0.706686327245215,0.5353555992823704,0.39073820346409627,0.6346496678812139,0.7445346595621731,0.5948699786655315,0.3721840771245419,0.6996052987893756,0.7854977092232757,0.6337670195726058,0.3560117155345434,0.747723387071376,0.8209883847879583,0.6627882504135317,0.3451486774591542,0.77776431259182,0.8447023063692394,0.6809090298782702,0.33476683468556534,0.805312557224607,0.8672634262565436,0.6974874884843925,0.32511657533408655,0.830129130543761,0.888139033724059,0.7123654511962068,0.3162452462487407,0.8523927595029961,0.9072435679256371,0.7256490912845832,0.30774940902333203,0.8732934590966541,0.925458192154073,0.738049984840196,0.2983376079819274,0.896028459621877,0.9455392322760627,0.7514461224283883,0.28975085631447134,0.91642858579373,0.9637665724616561,0.7633681638448339,0.28289930666427,0.9324935513299418,0.9782440157583278,0.7726802766316071,0.2725479543882382,0.9564354645876384,1.0,0.7864116844517249],"Point3d":[9.999999999999996,-9.889435066065497,2.5000000000000004,9.56488031218405,-9.738878163178969,2.2446080615921837,9.102820037097747,-9.511213199183164,1.9858399788336423,8.665077915024991,-9.232213176502139,1.7525072582036152,8.092370951976381,-8.775126923085447,1.4645940287317345,7.290753673055861,-7.958793727845182,1.0946526736353266,5.99217629910108,-6.157479871843913,0.5771853039841445,4.48260118283183,-2.745121412657927,0.10281140092975977,4.133726544904301,0.9719346553203232,0.012630854441393113,4.890693191243457,3.941839226232076,0.21756639672625455,5.709954184464772,5.670049793014773,0.47810730365755105,6.41976769575916,6.823621192097491,0.7364025180253772,6.894046127384788,7.4757152290569655,0.9258361601952758,7.345268525130875,8.020979063690667,1.1185890911883472,7.762780674481184,8.464705777962818,1.307822914002955,8.144871358512747,8.821368209907744,1.4901678834016376,8.509163843081456,9.118095796757245,1.6721760792521445,8.910784645521257,9.39635275927885,1.8820624899657203,9.275331449233125,9.60429623989426,2.0809532047939916,9.564880315166556,9.738878164424616,2.2446080633038203,10.000000000000002,9.889435066065497,2.4999999999999996],"PointsCount":21,"Transversal":true},"Curve1":{"Param":[0.7274520456117618,0.04356453541236149,0.0,0.33517608223224166,0.7171006932527545,0.06750644886352868,0.02175598441663463,0.33768992066471704,0.7061803548865105,0.09319947784879898,0.0448589982333426,0.3414998160095205,0.6939046484612565,0.1226806360793042,0.0710051643012644,0.3472056890820485,0.677712168622514,0.16271901134832428,0.10576005786765026,0.35706585074655306,0.6506375537029739,0.23372099971770566,0.16448372221603105,0.3798180266190631,0.6142089708477336,0.3463653423615248,0.24451952189187104,0.42676200717242396,0.5910657956094699,0.49723779919586814,0.29585716662113737,0.5013769325811718,0.6007243495959049,0.5960846351758073,0.2743921016818457,0.5505927035773239,0.6219758789306455,0.6807234675962144,0.22736904356499307,0.5890684648098765,0.637277630421656,0.7283538014095706,0.19371234878815083,0.6083506011550193,0.6540161857648049,0.7755033331478547,0.15711699773502175,0.6253198275716412,0.6699519406136173,0.8175323176382303,0.12251696804839987,0.6383986761023476,0.6840688268623566,0.8531723720565461,0.09208163678167902,0.6477947888851586,0.6963937378854419,0.8833527044210793,0.06568909447997735,0.6544205310217343,0.7072820103758788,0.9094140842709366,0.042521520652527026,0.6590858269682307,0.7150706179356183,0.9277523777539327,0.0260392808039787,0.661747477800399,0.7274520456117617,0.9564354645876385,0.0,0.6648239177677583],"Point3d":[-10.000000000000004,-9.8894350660655,2.5000000000000013,-9.56488031166731,-9.738878162963156,2.2446080612956263,-9.102820035333146,-9.511213198182043,1.9858399778698772,-8.57989671397471,-9.170824077178287,1.7084388286742214,-7.884798842646993,-8.583686953716068,1.3651015836702216,-6.7103255556793044,-7.23315476963349,0.8508540718960574,-5.1096095621625794,-4.463986439619571,0.28324329633229817,-4.082856667577252,-0.08286518112753072,9.155703938823478e-05,-4.512157966363088,2.8470559329972804,0.110787085402416,-5.452619128700139,5.185599865169841,0.3919316608799993,-6.125753024236976,6.374309494218647,0.6257455034184193,-6.857660045299564,7.428648880657692,0.9108250389069338,-7.549660639031998,8.245339175962524,1.209921272936472,-8.158367264366419,8.83311332973457,1.4967686926085686,-8.686218110400453,9.24709139037569,1.7635115518434645,-9.149569586949454,9.537384738036208,2.0114387087929146,-9.479214383920427,9.701901356018494,2.1956651600897175,-9.999999999999998,9.8894350660655,2.500000000000001],"PointsCount":18,"Transversal":true},"CurveCount":2,"IsolateParam":null,"IsolatePoint":null,"IsolatePointCount":0,"Name":"surface_int_point_chats"}