{"Curve0":{"Param":[0.0,0.28819693739077795,0.0,0.40871290708247204,0.007678036804831535,0.2961239232552361,0.012796728008052559,0.4220173735894112,0.013938663554713036,0.30279265435372654,0.023231105924521735,0.43407481364980255,0.01985623876965709,0.3095428625101042,0.03309373128276182,0.4471698705553045,0.025814598174013558,0.3175014805075824,0.04302433029002259,0.4638108304128062,0.03040665982183624,0.32689939819384367,0.050677766369727074,0.48495712983375,0.03109701253041029,0.33684377795625164,0.05182835421735048,0.5082356822814154,0.02794545455268809,0.3455830266136079,0.04657575758781348,0.5282950104819696,0.023497004020042542,0.3524956558829043,0.03916167336673758,0.5433097127805384,0.01724308398306199,0.3601858524693024,0.028738473305103315,0.558885417972591,0.011023259780515677,0.36701720890643347,0.01837209963419279,0.5717128070578466,0.007678036804830462,0.3705427434114317,0.012796728008050772,0.5779826264105906,0.0,0.3784697292758887,0.0,0.5912870929175277],"Point3d":[0.0,8.645908121723338,9.0,0.15356073609663065,8.883717697657081,8.999999999999996,0.2787732710942607,9.083779630611795,9.000000000000004,0.3971247753931417,9.286285875303125,8.999999999999998,0.5162919634802712,9.525044415227475,8.999999999999998,0.6081331964367248,9.806981945815311,8.999999999999998,0.6219402506082058,10.10531333868755,8.999999999999998,0.5589090910537617,10.36749079840824,9.0,0.46994008040085083,10.57486967648713,8.999999999999998,0.34486167966123976,10.805575574079072,8.999999999999998,0.22046519561031355,11.010516267193006,9.000000000000002,0.15356073609660922,11.116282302342949,8.999999999999998,0.0,11.354091878276657,8.999999999999998],"PointsCount":13,"Transversal":true},"Curve1":{"Param":[0.40155411939326136,0.34352377328568307,0.6692568656554356,0.5609697446043316,0.38109771067200715,0.3430784803051324,0.6351628511200119,0.5642974898390553,0.3618308205425586,0.3421410448448682,0.603051367570931,0.5628280155053615,0.3450942306842208,0.34107687109587287,0.575157051140368,0.5582797485062919,0.3354337422701312,0.34036247245725687,0.5590562371168853,0.5541863354204203,0.326354371082889,0.33960408891421456,0.5439239518048149,0.5491895862289553,0.31736192817758185,0.33873028255289794,0.5289365469626361,0.54285099712248,0.31059924383452286,0.33794396139075994,0.5176654063908714,0.5368139363488323,0.3057331830448595,0.3372634289293498,0.5095553050747659,0.5314478222626504,0.3020252484659057,0.336636443342811,0.5033754141098428,0.5264459289900527,0.2993735609429032,0.33609039526133166,0.4989559349048386,0.5220705412493167,0.29701814556280487,0.33548048543450476,0.4950302426046747,0.517178886945941,0.295546897901455,0.33498110324063396,0.49257816316909175,0.513176501830835,0.29426234015294944,0.3343544008658277,0.4904372335882489,0.5081603108066763,0.29356990554992823,0.33369907618715205,0.489283175916547,0.5029219490976383,0.29346877274586014,0.33330886747463123,0.4891146212431002,0.49980455102884547,0.293559800648428,0.3329862498348723,0.48926633441404704,0.4972271371373138,0.2938325946424757,0.33264112573790705,0.489720991070793,0.49446912593519304,0.29443854206881964,0.3322050498921855,0.4907309034480327,0.49098205108514326,0.2958544421351794,0.3315689434860719,0.49309073689196575,0.4858892162985851,0.2997149923883926,0.3304994640994401,0.4995249873139877,0.4773135392929153,0.30711615929337965,0.32919661394301086,0.5118602654889661,0.46691371987531577,0.31697863850258307,0.3279773608885588,0.5282977308376384,0.45745736950605054,0.32940555835923924,0.32679641136572685,0.5490092639320656,0.44899275729729315,0.3429162789438887,0.3257438702886236,0.5715271315731479,0.4425433320475421,0.36300081057921363,0.3244591181528616,0.6050013509653562,0.43696759237643,0.379464916977218,0.32365264422249923,0.6324415282953635,0.43566628358629667,0.39574350096550115,0.32318683033957657,0.6595725016091686,0.4375004095424063,0.40717879118891653,0.32318683614841115,0.6786313186481941,0.4410300698253196,0.4158077780043163,0.3234744630688146,0.693012963340527,0.44527676947793837,0.42306534453201183,0.32400664262036466,0.705108907553353,0.4502533565106941,0.42897515052886054,0.32473132732691606,0.7149585842147675,0.4556140891695241,0.4331840842239812,0.32548293239956555,0.7219734737066352,0.4604500840911503,0.4374967191447506,0.3265647534803114,0.7291611985745846,0.466734527046686,0.44092843554311817,0.3277975752004568,0.734880725905197,0.47332889521590593,0.44395102001455367,0.3294397264826272,0.7399183666909227,0.4815683326097439,0.4459600065401903,0.33141830076314654,0.7432666775669836,0.4910405793953048,0.4465627231098804,0.33318734962423247,0.7442712051831337,0.4993194311998,0.4462590746638446,0.33470076958061423,0.7437651244397412,0.5063862927052412,0.44517591088987474,0.3362094552683499,0.7419598514831246,0.5135178337102595,0.4429573483981697,0.33785912915081606,0.7382622473302827,0.5215490247294314,0.4386356538563692,0.33974020886688727,0.7310594230939488,0.5312812630872905,0.431361950768036,0.3415388137225944,0.7189365846133935,0.5417705459111986,0.41962854113097964,0.34295250971098895,0.6993809018849658,0.5522906353669921,0.40337506226096076,0.34351983939858716,0.6722917704349344,0.5603814502683472,0.40155411939326136,0.34352377328568307,0.6692568656554356,0.5609697446043316],"Point3d":[8.031082387865228,10.305713198570551,8.999999999991585,7.621954213440144,10.292354409153974,9.000000000000002,7.236616410851172,10.264231345346047,8.999999999999998,6.901884613684415,10.232306132876184,8.999999999999996,6.708674845402621,10.210874173717704,8.999999999999996,6.5270874216577806,10.18812266742644,9.0,6.3472385635516355,10.161908476586937,9.0,6.2119848766904555,10.138318841722796,8.999999999999996,6.1146636608971905,10.117902867880495,9.0,6.040504969318114,10.099093300284329,8.999999999999998,5.987471218858065,10.082711857839953,9.000000000000002,5.940362911256096,10.06441456303514,9.0,5.910937958029099,10.049433097219016,8.999999999999996,5.8852468030589895,10.03063202597483,9.000000000000002,5.871398110998564,10.010972285614562,9.0,5.869375454917204,9.999266024238937,9.000000000000004,5.871196012968559,9.989587495046168,9.0,5.876651892849514,9.979233772137212,8.999999999999998,5.888770841376392,9.966151496765567,8.999999999999998,5.917088842703588,9.947068304582157,9.0,5.994299847767852,9.9149839229832,8.999999999999998,6.142323185867592,9.875898418290326,8.999999999999998,6.339572770051661,9.839320826656763,9.0,6.588111167184783,9.803892340971803,8.999999999999998,6.858325578877774,9.77231610865871,9.0,7.260016211584274,9.73377354458585,9.000000000000002,7.589298339544361,9.709579326674977,9.000000000000002,7.914870019310021,9.695604910187296,9.0,8.143575823778331,9.695605084452332,9.0,8.316155560086322,9.704233892064435,8.999999999999998,8.461306890640234,9.720199278610938,8.999999999999998,8.579503010577206,9.741939819807481,8.999999999999998,8.663681684479622,9.764487971986968,8.999999999999998,8.749934382895015,9.796942604409344,9.000000000000004,8.818568710862362,9.833927256013702,8.999999999999996,8.879020400291074,9.883191794478815,9.0,8.919200130803803,9.942549022894395,8.999999999999998,8.931254462197609,9.995620488726978,9.000000000000002,8.925181493276893,10.041023087418429,9.0,8.903518217797494,10.086283658050498,9.0,8.859146967963394,10.135773874524483,9.000000000000002,8.772713077127385,10.19220626600662,9.0,8.62723901536072,10.246164411677835,9.0,8.392570822619595,10.28857529132967,9.0,8.067501245219214,10.305595181957614,9.0,8.031082387865228,10.305713198570551,8.999999999991585],"PointsCount":46,"Transversal":true},"CurveCount":2,"IsolateParam":null,"IsolatePoint":null,"IsolatePointCount":0,"Name":"surface_int_point_chats"}