{"Curve0":{"Param":[0.49999986245827754,0.5082035422910607,0.5000000611296544,0.500000324113537,0.5000632056774079,0.5082387680827805,0.4999719085878089,0.5000632056325461,0.599060223508196,0.565069847706152,0.4559352069419095,0.599060223508196,0.6941207415388448,0.6210344369168059,0.4134358232029286,0.6941207415388447,0.792626083322402,0.6787143604312272,0.36894351848254286,0.792626083322402,0.8525510581092943,0.7128987644595999,0.34154233560465486,0.8525510581092943,0.8934323259812772,0.735522425448957,0.32266251618235425,0.8934323259812772,0.9151015047958669,0.7472031220458247,0.312584724478593,0.915101504795867,0.9419280119558299,0.7612892054713213,0.30003379688209914,0.9419280119558299,0.9715061579720804,0.7762262124339107,0.2860915892947723,0.9715061579720804,1.0,0.7898616872693822,0.27254795438823826,1.0],"Point3d":[-2.7508344491167236e-06,9.72340617977352e-06,2.2737367544323206e-13,0.0012641135481583632,0.0018961689664092063,4.7939491820692126e-08,1.9812044701639198,2.932923872077443,0.11775513457792484,3.882414830776897,5.531021239277673,0.452194347547092,5.852521666448041,7.776479350656624,1.0275602956873127,7.0510211621858865,8.823757193297181,1.491506982887796,7.868646519625543,9.36701000387291,1.8574679415244555,8.302030095917338,9.592011831117462,2.0677111114055178,8.8385602391166,9.805492228493119,2.343604413014786,9.430123159441608,9.952211422901417,2.667816684067109,10.0,9.999999999999531,3.0],"PointsCount":11,"Transversal":true},"Curve1":{"Param":[0.49999986245827754,0.5082035422910607,0.5000000611296544,0.500000324113537,0.49993699479570974,0.5081680990668422,0.5000280023130277,0.4999369948525769,0.40020015083003735,0.4545225120613289,0.5443943752412905,0.4002001508300373,0.34562076604691444,0.4275980422860846,0.5687574626464184,0.3456207660469145,0.3021542705090164,0.40778772346566,0.5882367630140325,0.30215427050901644,0.25794044787048864,0.3894077095038274,0.6081441398243363,0.25794044787048864,0.21568188337029423,0.3737704551436822,0.6272800353784316,0.21568188337029423,0.18224247381488484,0.36290737263076134,0.6425119533576925,0.1822424738148848,0.15458605618075838,0.35503479382395686,0.6551780748053007,0.1545860561807584,0.13095367836756835,0.3491675671486716,0.6660556532986428,0.13095367836756833,0.10496347440843541,0.343691540289096,0.67808180297877,0.10496347440843541,0.07775417153897055,0.3391246058375074,0.6907494742763607,0.0777541715389706,0.05394766449299957,0.33616665347269437,0.701903528853308,0.053947664492999585,0.03240199066970549,0.33437035554383415,0.7120596357321924,0.032401990669705505,0.028493841817775877,0.3341373817220438,0.7139084108046932,0.028493841817775912,7.401487051415874e-17,0.33333333333333337,0.7274520456117617,0.0],"Point3d":[-2.7508344491167236e-06,9.72340617977352e-06,2.2737367544323206e-13,-0.001260104085805125,-0.0018901544125693448,4.7635869471207564e-08,-1.995996983399253,-2.954235175691396,0.1195201187321675,-3.0875846790617123,-4.484204529155304,0.2859953745112984,-3.9569145898196743,-5.625601401927125,0.4697151921338339,-4.841191042590228,-6.694468427578284,0.7031139213256756,-5.686362332594114,-7.6102089269828745,0.9700414973263549,-6.355150523702304,-8.24936865320856,1.2116381453674099,-6.908278876384832,-8.713953858301156,1.4317295110171466,-7.380926432648635,-9.060896329982443,1.6343422501251383,-7.900730511831291,-9.38521683585689,1.8726462786174587,-8.444916569220586,-9.656060499100317,2.1394984758328928,-8.921046710140006,-9.831659234247454,2.3875522321349956,-9.351960186605888,-9.938367399780873,2.6237747799558497,-9.430123163644481,-9.95221142359948,2.667816686445126,-10.0,-9.999999999999998,2.9999999999999987],"PointsCount":16,"Transversal":true},"Curve2":{"Param":[0.49999986245827754,0.5082035422910607,0.5000000611296544,0.500000324113537,0.5000638031951316,0.5081720516430047,0.49997164302437586,0.499936196814152,0.5998207558731647,0.4594779424205503,0.45559630840383325,0.40017924412683537,0.6683843687826587,0.4277304842221761,0.4249748138033464,0.33161563121734133,0.7300985605821512,0.40171110811866967,0.3972518707202818,0.2699014394178487,0.7751688336962711,0.3848696587254399,0.37687312664941647,0.22483116630372882,0.8103719536724302,0.3732857789969109,0.3608596826214649,0.18962804632756974,0.8392176054579146,0.3649733695090738,0.34766548881788173,0.1607823945420854,0.8636935618793531,0.3588416832476176,0.3364127623723857,0.1363064381206469,0.8821743523174628,0.35481652236646244,0.32787839991100665,0.11782564768253728,0.9063713866689332,0.3503872783477062,0.3166511146671322,0.09362861333106678,0.9320551662152439,0.34679925163023906,0.30466285906714435,0.0679448337847561,0.9548503871835503,0.34464111336394526,0.2939565625396041,0.04514961281644975,0.9715061581941855,0.34371080615332744,0.2860915891896451,0.02849384180581447,1.0,0.3434626093028854,0.27254795438823826,0.0],"Point3d":[-2.7508344491167236e-06,9.72340617977352e-06,2.2737367544323206e-13,0.0012760639026310194,-0.0019140955651391067,4.8850172573722255e-08,1.996415117463295,-2.95483738383601,0.11957019963707972,3.3676873756531744,-4.860560991840202,0.34023954780401294,4.601971211643021,-6.415650886739222,0.6353441709837346,5.5033766739254215,-7.421656904243021,0.908614644453193,6.2074390734486045,-8.11522409176138,1.1559689955172943,6.7843521091582915,-8.615196584620929,1.380823006231217,7.273871237587063,-8.986533214818847,1.58727608342989,7.6434870463492555,-9.232457393325255,1.7526868268312663,8.127427733378665,-9.5068520910088,1.9816524468387802,8.64110332430488,-9.735556667914905,2.240059999839384,9.097007743671005,-9.881372224673404,2.482666496652307,9.430123163883712,-9.952211423639213,2.667816686580484,10.000000000000002,-9.999999999999996,2.9999999999999996],"PointsCount":15,"Transversal":true},"Curve3":{"Param":[0.49999986245827754,0.5082035422910607,0.5000000611296544,0.500000324113537,0.49993572916121914,0.5082349310739216,0.5000285648172463,0.5000642708304446,0.41702140398444904,0.5482739516602104,0.536901709514645,0.5829785960155509,0.35922120834634313,0.5746511299685506,0.5626777874030997,0.6407787916536569,0.3129986869931066,0.5942815537155239,0.5833692288246671,0.6870013130068934,0.2663041812625579,0.6124114106591991,0.6043701042974512,0.7336958187374422,0.22964490931880902,0.6252259958258374,0.6209440875435571,0.770355090681191,0.1934818414055016,0.6364731530690734,0.6373827207598586,0.8065181585944984,0.1639960618128249,0.644512493428577,0.6508610641327577,0.8360039381871751,0.13906952987487944,0.65045002801952,0.6623141234115023,0.8609304701251206,0.11740593447487005,0.6549294706874437,0.672315819852046,0.8825940655251299,0.09326329431531652,0.6591321301058055,0.6835188757896697,0.9067367056846835,0.06762609864280564,0.6626322089821395,0.6954864004469846,0.9323739013571944,0.04486185256671788,0.6648621461902285,0.7061790100695646,0.9551381474332821,0.028493841822878622,0.6659301319508604,0.7139084108022781,0.9715061581771214,3.700743608425998e-17,0.6666666666666666,0.7274520456117617,1.0],"Point3d":[-2.7508344491167236e-06,9.72340617977352e-06,2.2737367544323206e-13,-0.0012854167756159993,0.0019281249026295022,4.956888866036734e-08,-1.6595719203110184,2.4665040901498054,0.08262536876054416,-2.8155758330731384,4.111761823270115,0.23782401815356513,-3.7400262601378675,5.3484657604235455,0.4196338927956255,-4.673916374748841,6.500354495017731,0.6553648283443605,-5.407101813623821,7.320222300069446,0.87710250068682,-6.130363171889966,8.043608057600194,1.1274405785779447,-6.720078763743501,8.562742552320397,1.354783757727492,-7.218609402502413,8.947165998679603,1.5632496511768867,-7.651881310502599,9.237684449674255,1.7565386277005688,-8.13473411369367,9.51056579829605,1.985216973014746,-8.647478027143885,9.7379735952514,2.2433662868980897,-9.102762948665642,9.882856384182626,2.4858087989880007,-9.430123163542426,9.95221142358253,2.6678166863873827,-10.0,10.0,2.9999999999999996],"PointsCount":16,"Transversal":true},"CurveCount":4,"IsolateParam":null,"IsolatePoint":null,"IsolatePointCount":0,