{"Curve0":{"Param":[0.0,0.42868964957983985,0.0,0.48196660730665114,0.0020019919738354514,0.4277787216152863,0.0066733065794515045,0.47885626241023066,0.004991127177228126,0.4268537021610594,0.016637090590760416,0.4749246169084902,0.010738278591199576,0.4259563407336177,0.03579426197066528,0.4687363406957475,0.01988886882485318,0.4258772064294354,0.06629622941617729,0.460878206643874,0.03358857587829113,0.42737783105018096,0.1119619195943037,0.45148193769654926,0.051003939317234626,0.43059893780888653,0.17001313105744878,0.4417506154833109,0.07274342720352678,0.43521494561855345,0.24247809067842252,0.4316056767889652,0.09581501727221459,0.4396452475423966,0.31938339090738194,0.42236791677028873,0.12304806160066095,0.4430611890909007,0.4101602053355366,0.4128217719621485,0.1479850334853161,0.4436047323796671,0.49328344495105364,0.4050104987122389,0.176910477553826,0.4402681331236215,0.5897015918460865,0.3967877326755224,0.20253965053891487,0.4331183328008157,0.6751321684630498,0.39009774873038855,0.22907381375062028,0.4210160383382086,0.7635793791687342,0.3836522648896128,0.2500564749639502,0.40774527190505705,0.8335215832131675,0.37884974355504164,0.2669356229113161,0.3945364008296093,0.8897854097043868,0.3751522635596704,0.2796983249654761,0.3829794147028186,0.9323277498849196,0.3724458903940529,0.3000000000000001,0.36169615074089145,1.0,0.3682863528388768],"Point3d":[0.0,12.860689487395199,-46.45000000000001,0.04003983947670903,12.833361648458592,-46.45,0.0998225435445625,12.805611064831782,-46.44999999999999,0.21476557182399147,12.778690222008528,-46.45,0.39777737649706363,12.776316192883062,-46.45000000000002,0.6717715175658223,12.82133493150543,-46.45,1.0200787863446923,12.917968134266593,-46.449999999999996,1.4548685440705356,13.056448368556604,-46.449999999999996,1.9163003454442915,13.189357426271897,-46.45,2.4609612320132195,13.291835672727023,-46.45000000000001,2.959700669706323,13.308141971390015,-46.45000000000002,3.5382095510765197,13.208043993708644,-46.449999999999996,4.050793010778298,12.99354998402447,-46.45000000000001,4.581476275012404,12.630481150146254,-46.44999999999999,5.0011294992790045,12.232358157151708,-46.449999999999996,5.338712458226323,11.836092024888279,-46.45,5.593966499309522,11.489382441084558,-46.449999999999996,6.000000000000003,10.850884522226744,-46.45],"PointsCount":18,"Transversal":true},"Curve1":{"Param":[0.0,0.44582254554211115,0.0,0.5180333926933486,0.0031506728227117097,0.44815909745933097,0.010502242742372367,0.5227358795231324,0.007271478329000326,0.45044584122976766,0.024238261096667754,0.5276988335268578,0.012552537504684267,0.45261000080379016,0.041841791682280915,0.532973824331388,0.019608311879624255,0.4546414377910011,0.06536103959874752,0.5389049256862689,0.03082753311269956,0.45657196162756775,0.10275844370899856,0.5467811492613474,0.05475929478753272,0.45765471349197134,0.1825309826251091,0.5601322797635803,0.08337195889797583,0.45635288309837263,0.27790652965991935,0.5728084070403454,0.11682753436699461,0.45393221939788686,0.3894251145566487,0.5851026608784959,0.15894801081821633,0.4523925777215752,0.5298267027273877,0.5982003326190614,0.2007400899410435,0.4549234665935373,0.6691336331368118,0.6094483953129513,0.23020478080206386,0.46017262304959283,0.767349269340213,0.616612843000306,0.25708410893010447,0.46797948832967073,0.8569470297670146,0.6227067296696651,0.2653718251253955,0.471024559107974,0.8845727504179848,0.6245109794868081,0.29999999999999993,0.4872811219863812,1.0,0.6317136471611232],"Point3d":[0.0,13.374676366263333,-46.449999999999996,0.06301345645423419,13.444772923779924,-46.44999999999999,0.14542956658000653,13.513375236893033,-46.45000000000001,0.2510507500936854,13.578300024113707,-46.45000000000001,0.3921662375924851,13.63924313373003,-46.449999999999996,0.6165506622539911,13.697158848827033,-46.45,1.0951858957506546,13.72964140475914,-46.45000000000001,1.6674391779595168,13.69058649295118,-46.45000000000001,2.336550687339892,13.617966581936606,-46.45,3.1789602163643274,13.571777331647258,-46.45000000000001,4.014801798820869,13.647703997806117,-46.449999999999996,4.604095616041278,13.805178691487788,-46.45,5.14168217860209,14.039384649890122,-46.449999999999996,5.30743650250791,14.130736773239217,-46.45,5.999999999999998,14.618433659591439,-46.449999999999996],"PointsCount":15,"Transversal":true},"CurveCount":2,"IsolateParam":null,"IsolatePoint":null,"IsolatePointCount":0,"Name":"surface_int_point_chats"}