{"Curve0":{"Param":[0.5082033767309022,0.5000000000005914,0.49999999999973715,0.5000000000014786,0.5082348163653462,0.49993596281330893,0.5000284609718729,0.5000640371867384,0.5553961939194627,0.4017711384033712,0.5436943478543461,0.5982288615966289,0.5827289971312262,0.3406237023581904,0.5709929341312483,0.6593762976418095,0.6167742651747048,0.254244552005106,0.609813190362134,0.745755447994894,0.6422546400768757,0.17268471631101334,0.6468818458968101,0.8273152836889868,0.654328695801724,0.12050582605610864,0.6708817876298855,0.8794941739438913,0.6603858229086143,0.0848984962249556,0.6874152750454161,0.9151015037750444,0.6636713225527359,0.05807198843055863,0.6999662029365012,0.9419280115694414,0.6659301319508604,0.028493841822878584,0.713908410802278,0.9715061581771214,0.6666666666666666,3.7007436911440593e-17,0.7274520456117617,1.0],"Point3d":[1.1828760193566268e-11,4.436112588379615e-11,0.0,-0.0012807437338220318,0.0019211155916508682,4.920913532213689e-08,-1.964577231932576,2.908953793045554,0.11578691100683597,-3.187525952836192,4.619357483713148,0.3048096510001282,-4.91510895989788,6.778960152062831,0.7247488826300525,-6.546305673779734,8.416777732461117,1.2856235392368218,-7.5898834788778275,9.198698510177858,1.728189936688278,-8.302030075500888,9.59201182160044,2.0677111012356386,-8.838560231388827,9.805492225956883,2.3436044089166437,-9.430123163542428,9.95221142358253,2.6678166863873827,-10.0,10.0,2.9999999999999996],"PointsCount":11,"Transversal":true},"Curve1":{"Param":[0.5082033767309022,0.5000000000005914,0.49999999999973715,0.5000000000014786,0.5082387123333937,0.5000631060740812,0.499971952855954,0.500063106074162,0.5556872926950541,0.5829778366209084,0.4630986286079912,0.5829778366209084,0.589564403740571,0.6407781759395555,0.4373224876885376,0.6407781759395555,0.6168330897814441,0.687000825146896,0.41663099003017295,0.687000825146896,0.6387357735278343,0.7241609509374911,0.3999274988672088,0.7241609509374911,0.661343519012129,0.7627294951580862,0.3825105363693467,0.7627294951580862,0.6795246025906146,0.7940279211356472,0.3683058039305123,0.7940279211356472,0.6976958804505003,0.8256818316035973,0.3538655221710433,0.8256818316035973,0.7126548094759577,0.8521165656936375,0.3417421235028685,0.8521165656936375,0.7253376208828928,0.8748734706711775,0.33125397741708323,0.8748734706711775,0.7363428497437097,0.8949399735097695,0.3219630031718905,0.8949399735097695,0.748513941821299,0.9175629500469649,0.31143665147163,0.9175629500469649,0.7612706668758062,0.9418921070331914,0.30005065325234154,0.9418921070331914,0.7723959968005703,0.9637855966604291,0.2897418715329269,0.9637855966604291,0.7762262124339107,0.9715061579720804,0.28609158929477224,0.9715061579720804,0.7898616872693822,1.0,0.27254795438823826,1.0],"Point3d":[1.1828760193566268e-11,4.436112588379615e-11,0.0,0.001262121481624412,0.001893182214813438,4.778851891984459e-08,1.6595567324181684,2.466481935757404,0.08262385644343395,2.8155635187911106,4.111744816156689,0.23782193785042138,3.7400165029379195,5.348453171844182,0.4196317032674397,4.483219018749822,6.274281766717312,0.6029775831024038,5.254589903161724,7.1564699321278065,0.8283214515122741,5.880558422712945,7.804060639610921,1.0374290208882049,6.513636632071946,8.388669588974052,1.272823865240087,7.04233131387275,8.817194922122663,1.4878329100305807,7.497469413423549,9.138963582205033,1.6863614281566497,7.89879947019539,9.384127910487614,1.8717309921107694,8.351259000939297,9.614657217472418,2.092305807023089,8.837842140663827,9.805256481801162,2.343223611098802,9.275711933208582,9.92321080243232,2.581164956036042,9.430123159441608,9.952211422901417,2.6678166840671094,10.0,9.999999999999531,3.0],"PointsCount":17,"Transversal":true},"Curve2":{"Param":[0.5082033767309022,0.5000000000005914,0.49999999999973715,0.5000000000014786,0.5081680423816468,0.4999368936086124,0.500028047285071,0.49993689360847327,0.4545118584290236,0.4001793249679084,0.5444036555720966,0.4001793249679086,0.41457797784192635,0.31745494819413506,0.5813705868847687,0.317454948194135,0.390162441594308,0.2598539868513593,0.6072803152812167,0.25985398685135924,0.37428093534728096,0.21715501353155234,0.6266109339300053,0.21715501353155237,0.3632707422873426,0.1834369827130523,0.6419663421049411,0.18343698271305237,0.35530240815682596,0.15559154971791905,0.654716410186785,0.155591549717919,0.34936909584007475,0.1318245270732961,0.6656538733094294,0.13182452707329614,0.3446956433896627,0.11012997076201883,0.6756856189278945,0.11012997076201884,0.34052226611584613,0.08690167152684464,0.6864814593949323,0.08690167152684453,0.3370611291281582,0.0620500325299814,0.6980995903946396,0.062050032529981466,0.3348908812162703,0.03980860430668275,0.7085615036869305,0.03980860430668274,0.3341373817220438,0.028493841817775856,0.7139084108046932,0.02849384181777589,0.33333333333333337,7.401487134133935e-17,0.7274520456117617,0.0],"Point3d":[1.1828760193566268e-11,4.436112588379615e-11,0.0,-0.0012621278277520354,-0.0018931917357470907,4.7788999757436557e-08,-1.9964135006418322,-2.954835055265578,0.11957000596634909,-3.6509010361172995,-5.233035823917561,0.39987235126567094,-4.802920262972814,-6.6504105374399245,0.6920412915742452,-5.656899729368955,-7.580231083618382,0.9600154364440363,-6.331260345738954,-8.227952172762372,1.202545726965796,-6.888169005641622,-8.698143134217291,1.4234061675084557,-7.363509458534076,-9.048969958390453,1.6266381463776252,-7.797400584759627,-9.32571231301135,1.8239836763762916,-8.261966569463105,-9.573136880265816,2.0478027478477796,-8.758999349400371,-9.778543825416344,2.301602088083884,-9.203827913866343,-9.90743992897076,2.5413134480419597,-9.430123163644483,-9.952211423599483,2.6678166864451267,-9.999999999999998,-10.0,2.999999999999999],"PointsCount":15,"Transversal":true},"Curve3":{"Param":[0.5082033767309022,0.5000000000005914,0.49999999999973715,0.5000000000014786,0.5081719367899711,0.5000640371175591,0.4999715390588524,0.4999359628824882,0.45947753102502675,0.599821616133319,0.45559592505819435,0.4001783838666811,0.43400749350434664,0.6543966921328865,0.4312347289369934,0.3456033078671134,0.4102572525958697,0.7090170030855777,0.4067430913215146,0.29098299691442236,0.3905296657856746,0.7593818288304858,0.38402592057669277,0.24061817116951426,0.37724468488980045,0.797816458500023,0.3665816142700479,0.20218354149997703,0.3678456851568566,0.8287975397647421,0.35243976913854136,0.17120246023525784,0.3609751577506274,0.8547671717769166,0.34052305220230566,0.1452328282230834,0.3558492359827662,0.8771883984699539,0.3301842482425551,0.1228116015300462,0.3511065154270949,0.902045461416144,0.3186629370193863,0.09795453858385596,0.34725004511640817,0.92829308943793,0.30642367018883415,0.07170691056207006,0.3448982742595894,0.9514628529211907,0.29555173089278985,0.048537147078809316,0.34371080615332744,0.9715061581941855,0.2860915891896451,0.02849384180581447,0.3434626093028854,1.0,0.27254795438823826,0.0],"Point3d":[1.1828760193566268e-11,4.436112588379615e-11,0.0,0.0012807423511813631,-0.0019211135148502478,4.9209029184815734e-08,1.9964323226663794,-2.9548621630169913,0.11957226056961212,3.0879338426577307,-4.484678339316061,0.28606006249892835,4.180340061711555,-5.905247799902666,0.5242572909465166,5.187636576609715,-7.083417556260152,0.8073471975293688,5.95632917000046,-7.877904776907332,1.0643357154419513,6.575950795294844,-8.44210275478217,1.2972938658641662,7.095343435538333,-8.856978905727432,1.510316954047107,7.543767969399078,-9.169131801746994,1.7072530552839447,8.04090922832288,-9.461889813177665,1.939686636543841,8.565861788758598,-9.706235474762236,2.20121964552344,9.029257058423813,-9.86322257974604,2.4458244908128877,9.430123163883712,-9.952211423639213,2.6678166865804838,10.000000000000002,-9.999999999999996,2.9999999999999996],"PointsCount":15,"Transversal":true},"CurveCount":4,"IsolateParam":null,"IsolatePoint":null,"IsolatePointCount":0,"Name":"surface_int_point_chats"}