{"Curve0":{"Param":[0.7342770418501376,0.0,0.7476462361729141,0.041282141046534625,0.7302132643639614,0.012258864059776123,0.7525098955914952,0.05801912852969029,0.7284113835497966,0.023965966211900225,0.759427278941774,0.07404120552706306,0.7306150305987792,0.033742023920478904,0.7692452551560424,0.08743134730675747,0.7334824793009709,0.03750328415959882,0.7752066106147976,0.09256334741443735,0.7370614728683911,0.04031783240955449,0.7812020151529593,0.09637285611159911,0.7424778566802733,0.0430554238439526,0.7890836685513493,0.10001542976470791,0.7525469791275301,0.046145892361266774,0.8021041311699884,0.1039372049339932,0.7733164779454259,0.049650554217346876,0.8263086923357243,0.10765366668205878,0.8047667780087032,0.05299851112126869,0.8602033220448596,0.10945199033916056,0.8328350653168584,0.05580615154004823,0.8889309252804746,0.10958114109331557,0.8662209859815341,0.059708652851252764,0.9216703050891887,0.10887239551823966,0.8997809430231188,0.06462012112000705,0.9530909320565871,0.10755500322477486,0.9124096743080014,0.06677669022168024,0.9645164096529758,0.1069303848773339,0.9534184677225341,0.07510933113721915,1.0,0.10444171881058517],"Point3d":[0.7833868511665151,0.07804570706477955,0.7124505577174036,0.779246104879331,0.08978604149698116,0.7087416646094121,0.7771342243947801,0.10058062943725385,0.7052548434512014,0.7784398550454432,0.10884577053938795,0.7024947598244238,0.7805650068259723,0.11160791942652223,0.7015218616736149,0.7832925158935902,0.11336901829147399,0.7008565871593114,0.7874717086221777,0.11465581354818159,0.7002918970058232,0.7952918283327214,0.11519747882237358,0.6998148776649218,0.8114428949673045,0.11347366902152795,0.6996207434899916,0.8357651567110906,0.10837723403457754,0.6998016511943018,0.8572397279191738,0.10288679576890987,0.6999773879607135,0.8823945698372713,0.09584731728898928,0.700090284057693,0.9071365101486795,0.08847681614685556,0.7001531981912433,0.9162774723986794,0.08565577000810311,0.7001907091533893,0.9451886931165359,0.07638341899770736,0.7005215421303612],"PointsCount":15,"Transversal":true},"Curve1":{"Param":[0.1251148320284479,0.8622487049255231,0.29514144527062336,0.7728970286354174,0.10702053000671963,0.8547322592254868,0.2507815911739415,0.7497540937893171,0.09647459519988846,0.8396685793400134,0.22370990405245503,0.7286580509332247,0.08785260412472091,0.8161878148240954,0.20078273953096398,0.7032543959374153,0.07999121674599785,0.7753765097308987,0.17841987987525182,0.6652605590484362,0.07557191768959051,0.7176405265675817,0.16198323491495611,0.6159178875008303,0.07586190474402511,0.6610473653453869,0.15440228480045567,0.5692767703083578,0.08088065321103084,0.5962001658114511,0.15206580593639057,0.5165662312187824,0.09308458747747053,0.5216343734254691,0.15586589973201845,0.45642127821018164,0.11388532383341855,0.445864983812909,0.16695652390417007,0.39592353215137516,0.13887159310668482,0.38406201032100834,0.18306617196498512,0.3473876968899837,0.1769189670926198,0.31711625602925364,0.21136164612499037,0.2961717741023441,0.21993090857855774,0.26235881974235203,0.2475972447770859,0.2558740880233287,0.26818582227263266,0.2163422928490515,0.29237909873173273,0.22362152781566902,0.3259314245214681,0.17489016187401515,0.3501995034987755,0.19630265638992495,0.3739487726993152,0.14824189443703673,0.4008036121458127,0.17986383698604974,0.42022809776694725,0.12759934159136035,0.4511106157114712,0.16788776085723955,0.47015096054121785,0.10985876387884268,0.5065753334618865,0.15828505922300723,0.5097473171827102,0.09875111085896059,0.5512257621840955,0.1527879678959766,0.5478480752828142,0.09052783602672757,0.59471711509913,0.14934052752971097,0.5765587568200582,0.08622362957284663,0.6280262933171396,0.1483675557197289,0.5975137665102632,0.08460618507903259,0.6529878255713794,0.14923197338481575,0.612561345846113,0.08489251164191543,0.6717406358835614,0.1515813717599045,0.6266867879445489,0.0878506020992256,0.6911788934748091,0.1573116713476678,0.6329187648647941,0.09175521430333591,0.7016683961708963,0.16339415504095142,0.6354678901980205,0.09514891905674017,0.7073155146055653,0.1683754604207627,0.6369580761346756,0.09946096086639789,0.7123859844578029,0.17453253775802177,0.6372113468055003,0.10637623283443298,0.717951647034426,0.18420753474749935,0.6337750304359306,0.12108557168065241,0.7249969865647415,0.2044237720758726,0.6209961072905842,0.15086446155034683,0.7320013615814641,0.24471562172727782,0.5999940312224563,0.1913605976942132,0.7362415993488445,0.29866215300777565,0.5772634183458921,0.23307077094272405,0.7378384799439609,0.3531933032409978,0.5488821221280562,0.28496228405495283,0.7372569381213606,0.41928200115974057,0.5196878297348599,0.3391949156296859,0.7339299951090218,0.4858111611932061,0.48461273436298075,0.40567666066901803,0.7257526009616091,0.5629288028337508,0.4456773852488709,0.4792073536859629,0.710125963581271,0.6407755604420486,0.410110776437032,0.5423038678024097,0.689128693665908,0.699058010891938,0.36642673881166393,0.6105215864562166,0.655193883860205,0.7498842120395727,0.3195167890348875,0.6734364807545171,0.610053955405823,0.7827068438674022,0.2790902299815152,0.7223152383114024,0.5638328386976483,0.7982659714416054,0.24181623306267724,0.7649145388439755,0.5141107709439406,0.8050460644681185,0.2087513263604266,0.8009012284061336,0.46298662696653875,0.8057204122515017,0.181975158054323,0.8277729366005292,0.4157744201919195,0.8021441966029856,0.15538643089845836,0.8499522031825945,0.3629764826448782,0.7934988300152073,0.13292616320734985,0.8611973527568443,0.3134343568094531,0.7798138346019274,0.1251148320284479,0.8622487049255231,0.29514144527062336,0.7728970286354174],