{"Curve0":{"Param":[0.4999999396188983,0.5082033451012996,0.5000000389362882,0.49999991841334795,0.5000568390577335,0.5082301315287132,0.4999633470491274,0.5000684650874543,0.5076079026910115,0.5117892770105545,0.4950829631514445,0.5091743041033692,0.5455557969463546,0.5297886305172751,0.4702686865871262,0.5551931021031141,0.5889743215809504,0.5504782505584292,0.4414330422062712,0.6081978533497421,0.5995051322247489,0.5554866868348668,0.43438593948995774,0.6210867336619834,0.6405576149296208,0.5748662112904899,0.40675756438989497,0.6713896359943691,0.6799904921343131,0.5930912627558147,0.3800178701106199,0.7197255361201649,0.7129574444728208,0.6078629240016772,0.35753967808901366,0.7600860646035161,0.7415549054394379,0.6202190787787597,0.3379870742945976,0.7950026522739382,0.7672022795350698,0.6308659571070561,0.32046369887947185,0.8261776104988319,0.7909351591233155,0.6403065057371427,0.3043320623283671,0.8548317124371173,0.8099478901206552,0.6475651842759921,0.29153445650778903,0.8775874873541015,0.8285997182977153,0.6544171483700888,0.2791593990698356,0.8996738267107832,0.8435617179275259,0.6597232732570194,0.2694146571245601,0.9171732921464495,0.8587850333025097,0.6649549056118775,0.25971821498674713,0.9347344690645997,0.8745403709584094,0.670203287145244,0.24997130296098447,0.9526024008976246,0.8882348702130203,0.6746404208482217,0.24178414349507016,0.9678405646776546,0.9026914877413406,0.679213723640212,0.2334739219934041,0.9835942089771053,0.9181277471156072,0.6839906362644638,0.2250245799990783,1.0],"Point3d":[-9.796123540666859e-07,-1.3684393733602638e-06,3.539370323940884e-14,0.0009221472310922311,0.0011483366543498185,3.144838773367574e-08,0.12343658098989166,0.15352468657921634,0.000563456098009314,0.7394676959446694,0.911804522225674,0.020212224122906353,1.4454883320740075,1.7551713035219598,0.07716680621967892,1.6170056172449403,1.9542379939097274,0.09654021465127191,2.287029061591793,2.703218702744223,0.19287561010324267,2.933251324066823,3.3721942509560736,0.31677440962344783,3.4760328255958353,3.884187070100068,0.4441482404655166,3.9491287525385768,4.287630549245729,0.5723588534325726,4.375510088850972,4.61387944969176,0.7014877619218054,4.772088945823187,4.883853535048878,0.8330210740822103,5.091380725147514,5.077281530345331,0.9468376281362657,5.406139681158187,5.247140607861088,1.0658735857840085,5.659827197946367,5.369311728807527,1.1666999731796333,5.9191283724525325,5.4810713781145735,1.274216802139326,6.18883857661725,5.58390215799867,1.3907819377727635,6.4244544464174345,5.663172978419839,1.4965183429166,6.674445515179367,5.737216474731085,1.6126454366136584,6.94287930169041,5.806020961808349,1.741806288546835],"PointsCount":20,"Transversal":true},"Curve1":{"Param":[0.4999999396188983,0.5082033451012996,0.5000000389362882,0.49999991841334795,0.49994303147894675,0.5081765615487032,0.5000367351596274,0.4999313801608301,0.4924005557877959,0.5046313874479346,0.5048888144103324,0.4908571489738745,0.4539181113425851,0.4867284422825,0.5292342039983526,0.44495478985988973,0.4213258951962706,0.4718639097757707,0.5491898385985339,0.40673660558925756,0.3957907725310051,0.46044804136111356,0.5642969475608346,0.37732948831348734,0.37103983569962784,0.4496001989005104,0.5784271647810112,0.3493539052849245,0.3472340209879923,0.4393870002203341,0.5914894679364656,0.32299692607465974,0.3244383882879152,0.4298251019976935,0.6034736755409951,0.2983096135294036,0.30266102443763093,0.42090238561909915,0.6144181073379228,0.27526126912814214,0.28187799683920584,0.41259137988098804,0.624387454860397,0.2537757026190804,0.26204776222331305,0.4048569873265356,0.6334588722587099,0.23375339567545117,0.2431193843257889,0.39766086566659886,0.6417134504302509,0.21508482493141162,0.22049282709255344,0.389308918132073,0.6510643393907648,0.19334145319224127,0.19909807274006885,0.3816736671382979,0.6593952204145722,0.17335543896965186,0.17882442020541867,0.3746840599175321,0.6668406585215341,0.1549275567293306,0.1556907828945563,0.36701295618777446,0.6748176046922659,0.13449906302291198,0.13387518176464883,0.3600886651372763,0.6818505502998956,0.11580835016513849,0.11322283348082454,0.3538216971821384,0.6880876953179097,0.09861557998647434,0.09359612233400506,0.3481349778576658,0.6936512742526989,0.08271703014004385,0.07487344013436188,0.34296248080209596,0.6986419490729391,0.06794013332254147,0.056947532925634044,0.3382477920101117,0.7031427347941206,0.05413863648529028,0.03972372353683912,0.3339427591897273,0.7072223184784414,0.04118825949524799,0.023118200836277296,0.33000629109174495,0.7109377833639782,0.028982968862237272,0.019117436750078584,0.329089847697969,0.7118020247276658,0.0260826126467673,0.0,0.3248851832901977,0.7157716523754921,0.012434389323528201],"Point3d":[-9.796123540666859e-07,-1.3684393733602638e-06,3.539370323940884e-14,-0.0009242468732686661,-0.0011509712961685213,3.159178639984082e-08,-0.12328598606801913,-0.1536939430473622,0.0005621429839622227,-0.7475096294896366,-0.9348903950507317,0.020667993309892246,-1.2763016370086646,-1.5962431632821115,0.06024713325071434,-1.6908099416047886,-2.1112989505863773,0.10571879868691864,-2.092843786236264,-2.606042729637079,0.16193608711682503,-2.479806071394847,-3.0762598442973546,0.22729800135393283,-2.8506283763354254,-3.5201224497640804,0.30027654728499054,-3.2051505643976,-3.9372812687144148,0.379500677340823,-3.543724506504546,-4.328258226279145,0.4637785728052611,-3.8669863141903438,-4.6940772017688,0.552094828148049,-4.175726816012504,-5.03604090305212,0.6435979652307634,-4.545001735265084,-5.434750924664085,0.7622163515300296,-4.894367581894365,-5.800853759723461,0.8836347828663258,-5.22558409922294,-6.1372641751986965,1.0069980016999636,-5.603696879305284,-6.5077940692978675,1.1576426912458921,-5.9604268983647,-6.843389328035426,1.309356128861324,-6.298281708167876,-7.148040049107874,1.461618931814834,-6.6195038219661395,-7.4252449071418125,1.6141152128831477,-6.926086160130752,-7.67804512999599,1.7666779095536365,-7.219796430754492,-7.909071459297986,1.9192491722522873,-7.502204316608436,-8.120593838424963,2.07185200086863,-7.77470821382147,-8.314568646414926,2.2245701045880937,-7.84040289826009,-8.359816435299706,2.262187825576455,-8.154579156575762,-8.567925806096033,2.4463737469727294],"PointsCount":26,"Transversal":true},