{"Curve0":{"Param":[0.0,0.4464262177823336,0.0,1.0,1.11779780555536e-16,0.44642551255830787,1.341263326435841e-16,0.9999983750776082,1.7891347705027122e-17,0.44642397276010465,0.0,0.9999948271786405,0.0,0.4463555405714407,0.0,0.999837139148343,1.7891347705027122e-17,0.44642397276010465,0.0,0.9999948271786405],"Point3d":[-10.0,10.000000000000002,-5.0,-9.999999999999996,9.999965876565293,-5.0,-9.999999999999998,9.999891370759322,-4.999999999999999,-9.999999999999998,9.996580001605135,-4.999999999999999,-9.999999999999998,9.999891370759322,-4.999999999999999],"PointsCount":5,"Transversal":true},"Curve1":{"Param":[0.7146820298313479,0.28282373216871864,0.9269535868137075,0.5567626435335782,0.7146063780837383,0.2871030981839411,0.9268634237598424,0.5700619202049714,0.7137508357290713,0.2979096275316936,0.9258439035312016,0.6032536680163452,0.7125531725370071,0.30532399210504635,0.9244170853721151,0.6256967042559054,0.7109270460634098,0.3121703897428174,0.9224805459838582,0.6461789255254103,0.7088931032996961,0.31849335749638524,0.9200594772068758,0.664887277063744,0.7064557541229581,0.3243337032642346,0.9171598186023542,0.681989013961292,0.7036037090455747,0.3297295765104349,0.9137689131024717,0.6976359720840438,0.7007190304615054,0.3341519275300133,0.9103413941637035,0.7103497228111791,0.6979463839460662,0.33770661177993255,0.9070489395135152,0.7204968828400644,0.6922501929910532,0.3435086989150407,0.9002903516033863,0.7369210343352333,0.68701328647482,0.3475874190246583,0.8940825690955201,0.7483638920411486,0.6763543925567852,0.35348473212377157,0.8814619124818556,0.7647584418559945,0.6661566640269494,0.3571355877180891,0.8694008748312463,0.7748187054816398,0.6560238538030488,0.3594736922824921,0.8574250119410103,0.7812257672559517,0.6456580032103153,0.3608929168918512,0.8451778177673289,0.7851012121500293,0.6346011983928999,0.3615648279014081,0.8321139123000625,0.7869323944795552,0.6284774268550457,0.36162314053427896,0.8248765494048357,0.787091207132574,0.6154498985516244,0.36110065778481687,0.8094708838432562,0.7856676219494295,0.6003064368429057,0.3594936059656389,0.7915392846605735,0.7812802163123377,0.582026951245536,0.3561922190900409,0.7698454460592247,0.7722256978674313,0.5588735205382792,0.34970959649243016,0.7422644962097524,0.7542840346995473,0.5359172076401572,0.33996723935508316,0.7147749685908814,0.7269165402075504,0.5179593331094435,0.328509852672536,0.6931524721256854,0.6941119263012814,0.5065577381118055,0.3174802297026159,0.6793637192262731,0.661903138562006,0.49971322049702394,0.3067524387777639,0.6710620320457994,0.6299893891702371,0.4964777136317112,0.2959602019716119,0.6671311642500066,0.5973080230489668,0.4966987629887817,0.2847866246881179,0.667399856218509,0.562873703959676,0.5007878477939005,0.2728561653191937,0.6723666767121057,0.5254501630972215,0.509875634692806,0.25960509322291825,0.6833813754754722,0.4831128433729782,0.5265543817210594,0.24400528091328436,0.7035154513851312,0.43227366676726664,0.5579783999119706,0.2237002898791285,0.7411954891771941,0.3645831167244691,0.5837411133880959,0.21125868348664206,0.7718825047312846,0.3223208578858774,0.611076364945797,0.2013989521272295,0.8042951822723187,0.28843758661949653,0.626219559347978,0.1977190133221819,0.8222075206691182,0.2757075659832618,0.6374303274023116,0.19608339124294458,0.8354569107248021,0.2700353451805078,0.6464923151574116,0.1956187659683379,0.8461635039765827,0.268422496498353,0.6532836121457036,0.19588312144645353,0.8541872107510421,0.26934023512794286,0.6591452688938969,0.19661112307472134,0.8611135567926826,0.2718664193491276,0.6647479870978852,0.1978106431505522,0.8677355760600002,0.2760250770895696,0.6705339626188568,0.19965169952475362,0.8745766783695188,0.28239883942992383,0.6765879774896973,0.2023537439499021,0.8817383136006937,0.29173320969370503,0.6827015660825871,0.2060603003489702,0.8889751808388403,0.3044979829844195,0.689058449487994,0.2112312911014449,0.896506268327601,0.32222718996191135,0.695846843418732,0.21875542526543235,0.9045569834682843,0.3478544657200709,0.7032317381911479,0.23056645668498965,0.9133268238992995,0.3876567068128602,0.7110169778004675,0.2519393058120491,0.9225876235252425,0.4582619011210503,0.7132502283733777,0.2633122569804256,0.9252474567599736,0.49503738879578074,0.7143623550533588,0.27353103988999006,0.9265726056789033,0.5275848952551996,0.7146820298313479,0.28282373216871864,0.9269535868137075,0.5567626435335782],"Point3d":[13.479577155615363,1.1072373271187024,-5.000000000000001,13.47763236736994,1.3668952660617697,-5.0,13.455630874123374,2.01564816710202,-5.0,13.424806664554747,2.455057663738118,-5.000000000000001,13.382909194291939,2.8567362316605207,-5.0,13.330429812929106,3.2242677520278997,-4.999999999999999,13.267432839583954,3.5608407249677123,-5.000000000000001,13.193566567996088,3.869340768869264,-5.0,13.118689621951095,4.120434285664993,-4.999999999999999,13.046563809208754,4.321129836301539,-4.999999999999999,12.897904422680625,4.646557671868506,-5.000000000000001,12.760658901063469,4.873736360832478,-5.0,12.479623058962831,5.199907178416745,-5.000000000000001,12.208619550802839,5.40047629872405,-5.000000000000002,11.937281184535912,5.528385590300708,-4.999999999999999,11.657577557317296,5.6058212301860255,-5.0,11.356861125698948,5.642428094626438,-5.0,11.189258313538437,5.645603435253399,-5.000000000000001,10.830210165792929,5.617143006345671,-5.000000000000001,10.408579292565976,5.529473189482713,-5.0,9.893524330059707,5.348748675757282,-5.000000000000001,9.231544701942665,4.991422876332499,-5.0,8.564615771158051,4.448240905935155,-4.999999999999999,8.035554616825946,3.7998106202094455,-4.999999999999999,7.696302104062734,3.1655990148872633,-5.0,7.491395792485886,2.5391860129693034,-5.0,7.394207343938735,1.899349239865618,-5.0,7.400853908005407,1.2265343196251068,-5.0,7.523629226775554,0.4963111490869043,-5.000000000000001,7.795293759178319,-0.3293091858524737,-5.0,8.289580099745905,-1.321284799943176,-5.0,9.205737048795594,-2.6455957009751865,-5.0,9.942107660928095,-3.475961888744959,-4.999999999999998,10.70891135987819,-4.144405558959245,-5.0,11.127273008819362,-4.396269465328451,-5.0,11.43403887317028,-4.508633552143863,-4.999999999999999,11.680169470720562,-4.540599459898704,-4.999999999999999,11.863549706846761,-4.5224094256496485,-4.999999999999999,12.0210859007038,-4.47235121544641,-4.999999999999999,12.171020620408509,-4.389982295990271,-5.0,12.325200554500809,-4.263829576386532,-5.0,12.485806186751903,-4.079269578334582,-4.999999999999999,12.647248359987312,-3.827233912103641,-5.0,12.814322511411778,-3.477806165123893,-5.0,12.991845441791146,-2.973881728325207,-4.999999999999999,13.183920751652485,-2.1935299900440035,-5.0,13.385227684813593,-0.8140383494273613,-4.999999999999999,13.442750252188356,-0.09677116291578947,-5.000000000000001,13.471358458960541,0.5379474376290246,-5.0,13.479577155615363,1.1072373271187024,-5.000000000000001],"PointsCount":50,"Transversal":true},